Column1,Column2,Column3,Column4,Column5,Column6,Column7,Column8,Column9,Column10,Column11,Column12,Column13,Column14,Column15,Column16,Column17,Column18,Column19
0.5504506666306909,0.5275617117990968,0.9288950464779054,7.440894778074852e-155,0.010100815243421869,0.4189284282957495,0.41017877560690036,0.5704206721560241,0.07922736475144866,0.06341328170611693,0.6557563779868644,7.4380217290180065e-155,0.6016230852761556,0.555564889617366,0.3860857139311515,0.5465171065685216,0.49971190306763885,7.435163555414493e-155,0.5210578411166318
