Year,Indicator,AgeGrp,mid,lo,hi
2015,PrevalenceRate,"[0,99]",253,195,312
2019,MortRate,"[0,99]",33,30,35
2010,IncidenceRate,"[0,99]",247,128,405
2019,IncidenceRate,"[0,99]",193,132,266
2019,IncidenceRate,"[0,15)",90.1111318670392,54.9326119189458,125.560255814733
2019,IncidenceRate,"[15,99]",230.185569851775,140.11295556195,321.258990967043
2019,IncidenceRate,"[65,99]",276.683910044206,0,622.251781095268
2050,IncidenceRate,"[0,99]",297.4,248.9,351.5
2019,NotificationRate,"[0,99]",190,152,228
